{"type": "metrics", "dataset": "train", "precision": 0.9914301017675415, "balanced_accuracy": 0.8905970597330395, "recall": 0.783160566955786, "f1_score": 0.875073868337076}
{"type": "metrics", "dataset": "test", "precision": 0.6624149659863946, "balanced_accuracy": 0.6760402945499571, "recall": 0.40806705081194344, "f1_score": 0.5050243111831443}
{"type": "cm_matrix", "dataset": "train", "true_0": {"predicted_0": 16241, "predicted_1": 32}, "true_1": {"predicted_0": 1025, "predicted_1": 3702}}
{"type": "cm_matrix", "dataset": "test", "true_0": {"predicted_0": 6694, "predicted_1": 397}, "true_1": {"predicted_0": 1130, "predicted_1": 779}}
